Daily log entry at Mon Oct 20 18:00:53 UTC 2025
Daily log entry at Tue Oct 21 04:35:08 UTC 2025
Daily log entry at Wed Oct 22 04:36:31 UTC 2025
Daily log entry at Thu Oct 23 04:34:40 UTC 2025
Daily log entry at Fri Oct 24 04:34:14 UTC 2025
Daily log entry at Sat Oct 25 04:33:33 UTC 2025
Daily log entry at Sun Oct 26 04:33:47 UTC 2025
Daily log entry at Mon Oct 27 04:42:52 UTC 2025
Daily log entry at Tue Oct 28 04:35:27 UTC 2025
Daily log entry at Wed Oct 29 04:41:24 UTC 2025
Daily log entry at Thu Oct 30 04:34:51 UTC 2025
Daily log entry at Fri Oct 31 04:38:14 UTC 2025
Daily log entry at Sat Nov  1 04:33:02 UTC 2025
Daily log entry at Sun Nov  2 04:35:45 UTC 2025
Daily log entry at Mon Nov  3 04:41:43 UTC 2025
Daily log entry at Tue Nov  4 04:35:31 UTC 2025
Daily log entry at Wed Nov  5 04:36:36 UTC 2025
Daily log entry at Thu Nov  6 04:41:31 UTC 2025
Daily log entry at Fri Nov  7 04:35:59 UTC 2025
Daily log entry at Sat Nov  8 04:33:54 UTC 2025
Daily log entry at Sun Nov  9 04:34:28 UTC 2025
Daily log entry at Mon Nov 10 04:40:30 UTC 2025
Daily log entry at Tue Nov 11 04:38:54 UTC 2025
Daily log entry at Wed Nov 12 04:37:50 UTC 2025
Daily log entry at Thu Nov 13 04:40:05 UTC 2025
Daily log entry at Fri Nov 14 04:36:54 UTC 2025
Daily log entry at Sat Nov 15 04:34:42 UTC 2025
Daily log entry at Sun Nov 16 04:39:25 UTC 2025
Daily log entry at Mon Nov 17 04:41:03 UTC 2025
Daily log entry at Tue Nov 18 04:37:08 UTC 2025
Daily log entry at Wed Nov 19 04:37:24 UTC 2025
Daily log entry at Thu Nov 20 04:35:26 UTC 2025
Daily log entry at Fri Nov 21 04:36:55 UTC 2025
Daily log entry at Sat Nov 22 04:34:21 UTC 2025
Daily log entry at Sun Nov 23 04:45:50 UTC 2025
Daily log entry at Mon Nov 24 04:46:44 UTC 2025
Daily log entry at Tue Nov 25 04:40:40 UTC 2025
Daily log entry at Wed Nov 26 04:40:39 UTC 2025
Daily log entry at Thu Nov 27 04:38:54 UTC 2025
Daily log entry at Fri Nov 28 04:38:35 UTC 2025
Daily log entry at Sat Nov 29 04:36:54 UTC 2025
Daily log entry at Sun Nov 30 04:47:12 UTC 2025
Daily log entry at Mon Dec  1 04:58:08 UTC 2025
Daily log entry at Tue Dec  2 04:44:24 UTC 2025
Daily log entry at Wed Dec  3 04:42:18 UTC 2025
Daily log entry at Thu Dec  4 04:43:41 UTC 2025
Daily log entry at Fri Dec  5 04:42:58 UTC 2025
Daily log entry at Sat Dec  6 04:35:34 UTC 2025
Daily log entry at Sun Dec  7 04:45:24 UTC 2025
Daily log entry at Mon Dec  8 04:46:39 UTC 2025
Daily log entry at Tue Dec  9 04:42:18 UTC 2025
Daily log entry at Wed Dec 10 04:46:12 UTC 2025
